id,title,phone_number,email_add,zip_code
25578285,Nazca Quick Lube,(575) 605-8839,nazcaquicklube@gmail.com,88201
25578287,Caring House Cleaning Services,(415) 941-9105,jeffersonbrag@gmail.com,94103
25578289,Dee's Salon Suites,(404) 694-1553,deesalonsuites@gmail.com,30291
25578291,Ups,(727) 550-7852,mj3465944@gmail.com,33774
25578293,ROYAL HANDYMAN LLC,(678) 887-4821,efraincesilio@royalhandymanllc.net,30268
25578295,T&Z Customs,(210) 630-8099,kenneth.spencer24@gmail.com,78258
25578297,Meier Corp ,(248) 692-3869,Kylemeier05@gmail.com,48348
25578299,Cristal s cleaning,(334) 672-5557,Halfordcristal9@gmail.com,36079
25578301,Beths Best Cleaning service ,(478) 696-2767,Beth.starlet98@gmail.com,30076
25578303,Dukes Cleaning Service,(888) 705-6650,Wcornish@dukescleaningservices.com,19152
25578305,Berkshire Hathaway CNY Realty,(315) 278-8781,frutherford429@gmail.com,13066
25578307,Precision Power Washing,(580) 747-9978,dany_ozc@yahoo.com,73701
25578309,Duke's Cleaning Service,(888) 705-6650,Wcornish@dukescleaningservices.com,19149
25578311,Patino handyman ,(703) 554-9697,Districelbogota@hotmail.com,20176
25578313,Handyman ,(832) 549-4932,jimmyroausa@hotmail.com,77494
25578315,Handyman ,(240) 603-1158,damiantsalazar86@gmail.com,20737
25578317,Handymen services,(571) 330-7425,gitano668@gmail.com,22044
25578319,Montiel Carpet Cleaning ,(804) 332-7687,awesomedre2001@gmail.com,23228
25578321,"DanAir HVAC, INC",(239) 225-3347,alexdanair@gmail.com,33904
25578323,Borges Building Management,(773) 441-9902,Frankrod74@gmail.com,60625
25578325,Roofing,(828) 490-8747,arnoldalbertomz@gmail.com,28739
25578327,handymen services,(571) 330-7425,gitano668@gmail.com,22044
25578329,LIONSTONE,(770) 866-6133,Roxylaunica83@icloud.com,30043
25578331,Jones drywall,(910) 725-3691,ondaclok@gmail.com,28360
25578333,Aksarben Carpentry Services LLC,(402) 215-1391,No Email Found,68134
25578335,Pitons International Realty,(813) 815-1613,brandongreen@pitonsrealestate.com,33579
25578337,Cg Construction,(914) 602-5457,Cgconstruction914@aol.com,10537
25578339,Famitor Painting LLC.,(504) 908-0446,wilmer_toro@ymail.com,70006
25578341,Cox landscaping and maintenance,(912) 548-3600,Robertjcox1226@gmail.com,31503
25578343,Plumber Hub,(626) 626-9363,rick.mendoza@yahoo.com,91763
25578345,easy roofing solutions,(714) 488-0636,infoeasyroofing@gmail.com,92801
25578347,Barrios services llc ,(240) 707-2416,yeison@barriosservices.com,20785
25578349,Trail Landscaping,(864) 308-7285,granttrail85@gmail.com,29384
25578351,R&t landscaping ,(276) 870-1717,Tylerbishop1120@gmail.com,37857
25578353,Northern repair ,(509) 316-1951,Service@northernrepair.com,99301
25578355,Junior's Handyman Service,(757) 268-4166,Wadelando82@gmail.com,23608
25578357,Trail Landscaping/ Handyman Services,(864) 308-7285,granttrail85@gmail.com,29374
25578359,Neatpicky Organizational Professionals,(928) 460-5700,shaddosamora@gmail.com,86301
25578361,Tamed Cutz Llc.,(228) 383-4147,Dderamus72@gmail.com,39503
25578363,Patterson Relocation & Courier Service,(407) 988-7427,pattersonfrc@gmail.com,32811
25578365,Numbskull Craftsman,(262) 995-3377,numbskullcraftsman@gmail.com,54703
25578367,Topdoghandyman,(706) 360-6815,georgethaxton71@gmail.com,30813
25578369,Southern Hospitality,(205) 566-6329,wesnov@gmail.com,80503
25578371,Mac Fab and Welding ,(402) 659-7560,Mcdaniel0919@gmail.com,90262
25578373,Lees On-site Landscaping ,(219) 955-3193,miranlee31@gmail.com,46410
25578375,ET Home Repairs,(470) 282-5976,ethomerepairs@gmail.com,30328
25578377,356 north broad ,(570) 888-3212,Julissa.agosto@aol.com,18704
25578379,Patriot Plus,(603) 321-9982,mr.ericdurant@gmail.com,3079
25578381,Oldfield Laundry Systems,(909) 248-3050,service@oldfieldlaundry.com,92336
25578383,Blands Handyman Services,(913) 594-2301,Blandservices@yahoo.com,66075
25578385,Garcia's five Star appliance and we're going to need another number,(513) 909-6646,garciarepair06@gmail.com,32578
25578387,Move-U,(602) 726-1871,Chrismarr@move-university.com,85022
25578389,cosyjewlery,(612) 516-5618,anthonywalton8833@gmail.com,10025
25578391,Prolific Painting,(321) 603-8942,prolificpainting01@gmail.com,30291
25578393,manatee county irrigation ,(941) 615-7853,prescobar40@gmail.com,34205
25578395,Drumheller Renovations,(570) 579-6419,Mustang_18241@yahoo.com,17985
25578397,Clemson pc,(864) 777-0070,Donnieharden@clemsonpc.com,29625
25578399,Aurealia Investment LLC,(845) 288-1922,carleenjones38@gmail.com,10451
25578401,Preferred Painting,(915) 255-4327,manny@preferred-painting.com,79935
25578403,Mani Water NYC,(929) 235-4293,maniwaternyc@gmail.com,10009
25578405,Express Damage Restoration Of Ky ,(859) 302-2702,Hippyjester4@gmail.com,40475
25578407,Inspiration Dental,(813) 638-0313,inspirationdental4@gmail.com,33579
25578409,Northern storm restoration ,(907) 232-3835,Zmaxson94@gmail.com,99654
25578411,At Your Service,(615) 240-9007,treyiknowucme@gmail.com,37167
25578413,Pollock Precision,(225) 620-4713,pollockpercision@gmail.com,70808
25578415,CJS Systems LLC ,(443) 615-5301,cjssystemsllc@gmail.com,21230
25578417,Joy shine cleaning,(206) 537-6859,joyshinecleaning@gmail.com,98012
25578419,Complete Appliance Repair,(714) 464-7474,askcapservices@gmail.com,92602
25578421,First Time Investment Solutions,(202) 519-4361,sellyourhousedc@gmail.com,20007
25578423,Better Blocks,(908) 337-9337,izundu@betterblocks.net,7747
25578425,Trending Style Houston,(713) 898-8522,trendingstyle713@gmail.com,77056
25578427,Cleaning Up Dust,(517) 294-5337,danielle.hoban89@gmail.com,48843
25578429,A's home services,(562) 708-8736,alexyolgatorres@yahoo.com,93313
25578431,K&S Concrete,(360) 723-3084,kandsconcrete79@gmail.com,98682
25578433,The Boulevard Dispensary,(619) 844-5100,ziyadosachi@yahoo.com,91945
25578435,Warren Graham Handyman services,(909) 353-9824,warrengraham309@gmail.com,92399
25578437,ErrazoGutters ,(720) 980-3663,jerrazo367@gmail.com,80123
25578439,Jays prosCCC ,(615) 995-1656,Jaylinjames615@gmail.com,37130
25578441,Full Spectrum Organix,(323) 380-7817,fsorganix@gmail.com,90046
25578443,Beautiful Disasters L.L.C,(918) 907-5227,BeautifulDisasters918@gmail.com,74003
25578445,ErrazoGutters,(720) 980-3663,jerrazo367@gmail.com,80138
25578447,Tech Pros,(318) 550-5094,Techpros318@gmail.com,71111
25578449,Outright Organized with Liliana Pulido,(669) 350-7411,Ororganized@gmail.com,95123
25578451,Clean Moore Services LLC,(614) 705-5510,Kelley.darion17@gmail.com,43213
25578453,Lee'$lawncare,(530) 648-7211,Waynelee065@gmail.com,95673
25578455,Dubb workshop,(773) 499-1438,rickloredo1994@gmail.com,60651
25578457,Dallaire Realty,(920) 569-0827,dallairerealtywi@outlook.com,54303
25578459,Super maddy,(323) 629-6296,Mendezvalerie17@gmail.com,91311
25578461,JAX Concrete Contractors,(904) 204-1579,concretecontra@gmail.com,32254
25578463,Kazam construction ,(646) 229-3971,alimehar697@gmail.com,11204
25578465,JC MUNOZ COMPANY LLC,(401) 663-8892,Carlixto206@gmail.com,2895
25578467,Branded Works,(208) 320-4440,brandon@brandedworks.co,83616
25578469,Gilbert Care Clean llc ,(414) 458-3722,Darnisha1985@gmail.com,53204
25578471,Bleitz Landworks Enterprise LLC,(206) 384-7724,jacobbleitz@yahoo.com,98166
25578473,Four Corners Floor Covering,(865) 214-1113,robbysmith3881@gmail.com,37660
25578475,3153130973,(315) 313-0873,Joshuamiller845@gmail.com,10992
25578477,Lee'$lawncare,(530) 648-7211,waynelee065@gmail.com,95673
25578479,Garage1day epoxy ,(253) 258-8086,Rodriguez-206@live.com,98003
25578481,Gaiinz Congrete,(919) 725-5146,Demartea_parker@gmail.com,27707
25578483,United Construction and Repair,(949) 973-6277,jovannyconsultant@gmail.com,92677
25578485,Dupont Jewelers,(318) 855-4695,dupontjewelers@aol.com,71201
25578487,Kai Pro Services,(808) 339-3319,info@kaiproservices.com,96813
25578489,Kyler Hassey,(817) 343-9291,kylerblainehassey@gmail.com,76020
25578491,Superfares.com,(585) 420-8168,info@superfares.com,14604
25578493,Moey Inc Properties,(513) 203-0666,moeyproperties97@gmail.com,45223
25578495,Sims Weld Shop,(166) 158-3672,simsweld@gmail.com,93534
25578497,Danny Brewer Painting ,(502) 341-7233,drbrewer1990@gmail.com,40213
25578499,Danny Brewer Painting,(502) 341-7233,drbrewer1990@gmail.com,40213
25578501,Archer Meducation,(988) 440-9504,archermeducationseo@gmail.com,60092
25578503,Monroe GA Pressure Washing,(678) 635-9688,monroegapressurewashing@gmail.com,30656
25578505,Perfect Timing Services Inc,(336) 858-0099,perfecttimingservices@gmail.com,27317
25578507,Go brothers junk services ,(267) 574-6076,Dijolalan03@gmail.com,19124
25578509,Massy United Insurance,(246) 430-1900,markwest0818@gmail.com,97212
25578511,PlayGround Games,(847) 373-6925,info@theplaygroundgames.com,60008
25578513,Crimson Construction,(318) 510-3702,skyman9239@gmail.com,71023
25578515, Veronica's janitorial services,(404) 921-4331,Vrjanitorial786@gmail.com,30083
25578517,Avantel Plumbing of Lawrence KS,(785) 330-5046,sauerdarby257@gmail.com,66044
25578519,"SUPERIOR TINT & WRAPS,LLC",(561) 692-5893,superiortintandwraps561@gmail.com,33444
25578521,Life long renovations,(256) 610-7313,brandotia@gmail.com,36278
25578523,R.M.V. Plumbing,(207) 502-0232,robbiev112@gmail.com,4240
25578525,Clarke works ,(401) 332-5016,Clarkeworks@gmail.com,2903
25578527,Shake it up lawncare,(812) 512-0095,waynenicole0875@gmail.com,47438
25578529,Custom Carpentry & Design,(804) 363-5125,Dodge111576@gmail.com,23664
25578531,Gravina Painting,(508) 561-5325,Paulrgravina@gmail.com,1524
25578533,Sybil Mobile Notary ,(913) 232-1377,Sybil@smobilenotary.com,66210
25578535,ALLSmith's Construction & Handyman Service,(606) 336-4031,ty13r.5mith90@gmail.com,40360
25578537,Square Grove Epoxy Flooring,(415) 619-6631,epoxysanfrancisco@gmail.com,94117
25578539,Pedro's Remodeling & Paint,(972) 299-0155,admin@pedrosremodelingpaint.com,75067
25578541,Full Send Moving,(540) 819-8058,fullsendmoving540@gmail.com,24011
25578543,rooTdreaMs,(520) 907-7274,therootdreamsmovement@gmail.com,85705
25578545,Krazy n Krafty,(734) 564-0166,Krazynkrafty@gmail.com,48390
25578547,Delgado fixes,(219) 895-1381,Ajdelgado979@gmail.com,46323
25578549,MCR Carpet & Upholstery,(401) 297-6753,mcrcarpet1@gmail.com,2878
25578551,Marathon Cleaners,(727) 423-3506,Marathoncleaners19@gmail.com,21921
25578553,ALLEGHENY DESIGNS,(412) 926-0966,DAVIDWFLANNERY@GMAIL.COM,15221
25578555,Enhance Credit,(844) 733-7453,enhancecredit65@gmail.com,7940
25578557,Wood 2 laminate,(502) 851-0198,mulrain13@gmail.com,40210
25578559,Tree Removal Chesterfield VA,(804) 597-3869,jerrodgent097@gmail.com,23832
25578561,ZAZ Landscaping Services,(810) 420-8693,zazlandscapingser.02@gmail.com,48430
25578563,MTM Lawn Care,(937) 856-4658,malachimalik22@gmail.com,45385
25578565,Bristol's Window Cleaning,(616) 788-1393,jaredbristol858@gmail.com,48838
25578567,Oak Wolf Handy Services ,(325) 500-8718,C.darragh@outlook.com,79416
25578569,Donlayta,(937) 250-3356,na@na.na,47374
25578571,Shine City Mobile Auto Glass,(949) 613-3083,shinecitymobileautoglass@gmail.com,92630
25578573,myTutorHub,(408) 689-7272,info@mytutorhub.com,95014
25578575,"Taylor Made cleaning, LLC",(412) 517-6849,Turnerkimberly205@gmail.com,15218
25578577,The Driveway Doctor,(985) 200-2168,,1730
25578579,City 24/7 locksmith,(540) 429-0846,asadzoda@gmail.com,22401
25578581,Heferles Landscaping ,(716) 705-1522,Heferleslanscaping@gmail.com,14219
25578583,Smile Sky Family Dental,(678) 722-5212,smileskyfamilydental20@gmail.com,30071
25578585,Bdc installation,(540) 761-1204,noemail1234@gmail.com,20015
25578587,Cutting Edge Lawncare,(810) 813-2983,stevendolliver@gmail.com,48458
25578589,Northpoint Washington,(999) 867-5309,NPwashington@northpointrecovery.com,98026
25578591,Nice Clean Home,(724) 998-8050,michelle93dorance@yahoo.com,15301
25578593,Edwards Tree Service,(440) 787-3288,jkopops97@icloud.com,44001
25578595,Sivar pro painting LLC,(919) 519-9324,sivarpro.painting@outlook.com,27703
25578597,B&M Remodeling ,(815) 842-7405,dpriceracing2@outlook.com,61739
25578599,JME Fab LLC,(724) 480-8872,amnhoward14@gmail.com,16101
25578601,Tree Removal Cleveland OH,(216) 284-5662,lesterglaspie338@gmail.com,44102
25578603,Mr. GetitDon,(334) 276-9220,Megamoney42@gmail.com,36863
25578605,Alija Landscaping ,(347) 609-3525,BellaSkyBeauty@gmail.com,8724
25578607,Clear Vision window cleaning LLC,(651) 707-2504,coreysnavely@gmail.com,55129
25578609,Jayz Cleaning,(248) 600-3391,willims.soldier@icloud.com,48342
25578611,Cash For Cars,(414) 326-8023,Valdezg31@yahoo.com,53209
25578613,Devin landscapes ,(256) 438-0053,devincrook23@icloud.com,35903
25578615,Hole in the wall home inspection,(830) 832-3446,holeinthewall52@yahoo.com,78217
25578617,GetTheScrap,(954) 676-6626,jamalriley55@yahoo.com,33313
25578619,K2 Roofing,(802) 318-8389,No Email Found,5482
25578621,Affordable lawn mowing,(734) 915-9076,Fake@gmail.com,48158
25578623,Tonys Repairs,(636) 345-6364,tony@rmlsn.net,63304
25578625,Devine Clippings ,(717) 941-3702,antuannela@gmail.com,17110
25578627,D&h lawns care and pressure washing,(863) 268-8539,loreenahicks2@gmail.com,33881
25578629,Gotcha Covered of North Hills,(724) 303-7296,jkish@gotchacovered.com,15237